{"cameraMode":{"drawMode":0,"name":"Shaded","section":"Shading Mode"},"sceneLighting":true,"audioPlay":false,"sceneViewState":{"showFog":true,"showMaterialUpdate":false,"showSkybox":true,"showFlares":true,"showImageEffects":true,"showParticleSystems":true},"in2DMode":false,"pivot":{"x":0.38499999046325686,"y":2.5399999618530275,"z":-8.65999984741211},"rotation":{"x":0.09473766386508942,"y":-0.5687024593353272,"z":0.06615714728832245,"w":0.8143866062164307},"size":9.917776107788086,"orthographic":false}